Workbook

Sheet Tổng hợp
A1: SWP391 Group 5 – Frontend: đợt nghiệp vụ R-09 → R-16
A2: Các số bên dưới tự đếm từ sheet Tasks. Chỉ cần đổi cột Trạng thái (và Ngày xong) ở sheet Tasks.
A4: Trạng thái | B4: Số task
A5: Chưa làm | B5: =COUNTIF(Tasks!$I$2:$I$500,A5)
A6: Đang làm | B6: =COUNTIF(Tasks!$I$2:$I$500,A6)
A7: Review | B7: =COUNTIF(Tasks!$I$2:$I$500,A7)
A8: Xong | B8: =COUNTIF(Tasks!$I$2:$I$500,A8)
A9: Tổng | B9: =SUM(B5:B8)
A10: % hoàn thành | B10: =IF(B9=0,0,B8/B9)
A13: Người làm | B13: Số task | C13: Điểm | D13: % điểm | E13: Đã xong | F13: % hoàn thành
A14: Thiên | B14: =COUNTIF(Tasks!$E$2:$E$500,A14) | C14: =SUMIF(Tasks!$E$2:$E$500,A14,Tasks!$G$2:$G$500) | D14: =IF(SUM(Tasks!$G$2:$G$500)=0,0,C14/SUM(Tasks!$G$2:$G$500)) | E14: =COUNTIFS(Tasks!$E$2:$E$500,A14,Tasks!$I$2:$I$500,"Xong") | F14: =IF(B14=0,0,E14/B14)
A15: Vũ | B15: =COUNTIF(Tasks!$E$2:$E$500,A15) | C15: =SUMIF(Tasks!$E$2:$E$500,A15,Tasks!$G$2:$G$500) | D15: =IF(SUM(Tasks!$G$2:$G$500)=0,0,C15/SUM(Tasks!$G$2:$G$500)) | E15: =COUNTIFS(Tasks!$E$2:$E$500,A15,Tasks!$I$2:$I$500,"Xong") | F15: =IF(B15=0,0,E15/B15)
A16: Thắng | B16: =COUNTIF(Tasks!$E$2:$E$500,A16) | C16: =SUMIF(Tasks!$E$2:$E$500,A16,Tasks!$G$2:$G$500) | D16: =IF(SUM(Tasks!$G$2:$G$500)=0,0,C16/SUM(Tasks!$G$2:$G$500)) | E16: =COUNTIFS(Tasks!$E$2:$E$500,A16,Tasks!$I$2:$I$500,"Xong") | F16: =IF(B16=0,0,E16/B16)
A19: Mục | B19: Số task | C19: Đã xong | D19: % hoàn thành
A20: R-11 Bản đồ | B20: =COUNTIF(Tasks!$B$2:$B$500,A20) | C20: =COUNTIFS(Tasks!$B$2:$B$500,A20,Tasks!$I$2:$I$500,"Xong") | D20: =IF(B20=0,0,C20/B20)
A21: R-10 Luồng báo giá | B21: =COUNTIF(Tasks!$B$2:$B$500,A21) | C21: =COUNTIFS(Tasks!$B$2:$B$500,A21,Tasks!$I$2:$I$500,"Xong") | D21: =IF(B21=0,0,C21/B21)
A22: R-12 Ngựa | B22: =COUNTIF(Tasks!$B$2:$B$500,A22) | C22: =COUNTIFS(Tasks!$B$2:$B$500,A22,Tasks!$I$2:$I$500,"Xong") | D22: =IF(B22=0,0,C22/B22)
A23: R-14 Tình huống xấu | B23: =COUNTIF(Tasks!$B$2:$B$500,A23) | C23: =COUNTIFS(Tasks!$B$2:$B$500,A23,Tasks!$I$2:$I$500,"Xong") | D23: =IF(B23=0,0,C23/B23)
A24: R-13 Bảo hiểm | B24: =COUNTIF(Tasks!$B$2:$B$500,A24) | C24: =COUNTIFS(Tasks!$B$2:$B$500,A24,Tasks!$I$2:$I$500,"Xong") | D24: =IF(B24=0,0,C24/B24)
A25: R-09 Giao trễ | B25: =COUNTIF(Tasks!$B$2:$B$500,A25) | C25: =COUNTIFS(Tasks!$B$2:$B$500,A25,Tasks!$I$2:$I$500,"Xong") | D25: =IF(B25=0,0,C25/B25)
A26: R-16 Người nhận | B26: =COUNTIF(Tasks!$B$2:$B$500,A26) | C26: =COUNTIFS(Tasks!$B$2:$B$500,A26,Tasks!$I$2:$I$500,"Xong") | D26: =IF(B26=0,0,C26/B26)
A27: Chung | B27: =COUNTIF(Tasks!$B$2:$B$500,A27) | C27: =COUNTIFS(Tasks!$B$2:$B$500,A27,Tasks!$I$2:$I$500,"Xong") | D27: =IF(B27=0,0,C27/B27)
A28: R-17 Hợp đồng | B28: =COUNTIF(Tasks!$B$2:$B$500,A28) | C28: =COUNTIFS(Tasks!$B$2:$B$500,A28,Tasks!$I$2:$I$500,"Xong") | D28: =IF(B28=0,0,C28/B28)
A31: Ghi chú
A32: • Nguồn: doc/TASKS_R09_R16.md (26/10/2026). Mô tả đầy đủ, tiêu chí hoàn thành và thứ tự làm nằm trong file .md.
A33: • Nghiệp vụ: PLAN_NGHIEP_VU_R09.md; chính sách gửi khách: CHINH_SACH_DICH_VU.md (cùng thư mục với file .md task).
A34: • Điểm = độ lớn tương đối: Cao 5, Trung bình 3, Thấp 2. Không phải số ngày.
A35: • Trạng thái hợp lệ: Chưa làm, Đang làm, Review, Xong.

Sheet Tasks
A1: Mã | B1: Mục | C1: Tên task | D1: Mô tả chi tiết | E1: Người làm | F1: Mức | G1: Điểm | H1: Phụ thuộc | I1: Trạng thái | J1: Ngày xong | K1: Ghi chú
A2: FE-01 | B2: R-11 Bản đồ | C2: Component bản đồ dùng chung (MapPicker, RouteMap) | D2: Cài leaflet + react-leaflet (nền OSM). MapPicker: tìm địa chỉ có gợi ý, click / kéo ghim, reverse geocode. RouteMap: marker theo loại mốc, đường đi, km từng chặng, chế độ sửa (thêm / đổi thứ tự). geoService + endpoints. Dùng được trên điện thoại. | E2: Thiên | F2: Cao | G2: 5 | H2: BE-01 | I2: Chưa làm | K2: Chi tiết: doc/TASKS_R09_R16.md mục FE-01
A3: FE-02 | B3: R-10 Luồng báo giá | C3: Làm lại form tạo đơn của khách | D3: Điểm đón / trả bằng MapPicker, bỏ nước quá cảnh, hiện khoảng giá min–max (USD + VND). Giá trị khai báo từng con + chứng từ khi ≥ ngưỡng, chọn gói bảo hiểm từng con. Bước người nhận (RecipientForm). PolicyAgreement bắt buộc. | E3: Thiên | F3: Cao | G3: 5 | H3: FE-01, BE-03, BE-08, BE-09, BE-15 | I3: Chưa làm | K3: Chi tiết: doc/TASKS_R09_R16.md mục FE-02
A4: FE-03 | B4: R-10 Luồng báo giá | C4: Coordinator lập tuyến dự kiến trên bản đồ | D4: Danh sách đơn PreApproved. RouteMap chế độ sửa: thêm mốc nghỉ / cửa khẩu, đổi thứ tự, tính lại km / giờ / nước quá cảnh; cảnh báo thiếu cửa khẩu khóa nút trình. Xem lý do bị từ chối, sửa và trình lại, xem phiên bản cũ. | E4: Thiên | F4: Cao | G4: 5 | H4: FE-01, BE-04 | I4: Chưa làm | K4: Chi tiết: doc/TASKS_R09_R16.md mục FE-03
A5: FE-04 | B5: R-10 Luồng báo giá | C5: Manager duyệt sơ bộ, duyệt tuyến, chốt giá trị ngựa | D5: Duyệt đơn → "duyệt sơ bộ". Màn duyệt tuyến: bản đồ, bảng chặng, nước quá cảnh, bảng ngựa (giá trị khai báo, chứng từ, ô giá trị thỏa thuận), xem trước báo giá chốt, Duyệt & gửi báo giá / Từ chối kèm lý do. | E5: Vũ | F5: Trung bình | G5: 3 | H5: FE-03, BE-04, BE-09 | I5: Chưa làm | K5: Chi tiết: doc/TASKS_R09_R16.md mục FE-04
A6: FE-05 | B6: R-10 Luồng báo giá | C6: Khách xem báo giá chốt, chấp nhận + cọc | D6: Bảng báo giá chi tiết, bản đồ tuyến, đếm ngược hạn. PolicyAgreement + Chấp nhận & đặt cọc (accept-quote → VNPay) / Từ chối. QuoteExpired: gửi lại yêu cầu. Nhãn trạng thái mới ở mọi nơi. | E6: Thiên | F6: Trung bình | G6: 3 | H6: BE-05 | I6: Chưa làm | K6: Chi tiết: doc/TASKS_R09_R16.md mục FE-05
A7: FE-06 | B7: R-10 Luồng báo giá | C7: Khách: giấy cần nộp theo tuyến, hạn nộp, đổi tuyến do công ty | D7: Giấy theo từng nước của tuyến, hạn nộp đếm ngược, số lần đã nhắc. Tuyến đổi do công ty: thẻ giấy mới + hạn mới + Hủy đơn (hoàn 100%). Đơn hủy vì quá hạn: lý do + tiền hoàn. | E7: Vũ | F7: Trung bình | G7: 3 | H7: BE-06 | I7: Chưa làm | K7: Chi tiết: doc/TASKS_R09_R16.md mục FE-06
A8: FE-07 | B8: R-10 Luồng báo giá | C8: Coordinator xếp chuyến từ tuyến đã duyệt + cảnh báo tài xế | D8: Hiện tuyến đã duyệt của đơn (RouteMap) + "Dùng tuyến này". Cảnh báo cần ≥ 2 tài xế khi lái > 9 giờ; hiện rõ lỗi đi qua nước ngoài tuyến. | E8: Thắng | F8: Trung bình | G8: 3 | H8: BE-07, FE-01 | I8: Chưa làm | K8: Chi tiết: doc/TASKS_R09_R16.md mục FE-07
A9: FE-08 | B9: R-12 Ngựa | C9: Form ngựa: mang thai, hiện lỗi điều kiện | D9: Giới tính, đang mang thai + ngày dự sinh (ngựa cái), ngày đẻ gần nhất. Lỗi điều kiện từ backend hiện cạnh đúng con ngựa trong form tạo đơn; gợi ý tuổi tối thiểu từ usePolicy(). | E9: Thắng | F9: Thấp | G9: 2 | H9: BE-08 | I9: Chưa làm | K9: Chi tiết: doc/TASKS_R09_R16.md mục FE-08
A10: FE-09 | B10: R-12 Ngựa | C10: Tài xế: bỏ "Rời chuyến", kiểm tra trước khi xuất phát | D10: Bỏ nút / modal Rời chuyến; thay bằng "Ngựa không thể đi tiếp" mở form sự cố chọn sẵn loại + ngựa + emergencyOffload. Checklist gọi departure-check, liệt kê vấn đề, nút Xuất phát chỉ bật khi hết vấn đề. Hiện trạng thái Deceased. | E10: Thắng | F10: Trung bình | G10: 3 | H10: BE-10, BE-11 | I10: Chưa làm | K10: Chi tiết: doc/TASKS_R09_R16.md mục FE-09
A11: FE-10 | B11: R-14 Tình huống xấu | C11: Sự cố mở rộng (rời chuyến, đổi xe / người, cửa khẩu, quay đầu, nguyên nhân) | D11: OffloadHorse kèm hướng xử lý (+ biên bản khi chết). ReplaceVehicle chọn xe phù hợp, ReplaceCrew chọn người. Loại sự cố / hành động mới. Đi vòng có phí: khách Đồng ý / Không. Đóng sự cố bắt buộc chọn nguyên nhân, xem trước tiền hoàn / phát sinh. | E11: Thiên | F11: Cao | G11: 5 | H11: BE-11, BE-13, BE-14a, BE-14b | I11: Chưa làm | K11: Chi tiết: doc/TASKS_R09_R16.md mục FE-10
A12: FE-11 | B12: R-13 Bảo hiểm | C12: Hồ sơ bồi thường bảo hiểm (khách + manager) | D12: Khách: danh sách hồ sơ, Yêu cầu bồi thường trong 24h (đếm ngược), tải chứng từ, xem quyết định. Manager: danh sách lọc trạng thái, chi tiết + trần chi trả theo gói, Duyệt (≤ trần) / Từ chối (lý do loại trừ) / Đánh dấu đã trả. | E12: Vũ | F12: Trung bình | G12: 3 | H12: BE-12 | I12: Chưa làm | K12: Chi tiết: doc/TASKS_R09_R16.md mục FE-11
A13: FE-12 | B13: R-09 Giao trễ | C13: Bồi thường giao trễ: manager duyệt, khách xem | D13: Màn đóng chuyến: đơn trễ do lỗi công ty, giờ trễ, tiền bù; Duyệt hoặc sửa số tiền (bắt buộc lý do). Khách thấy dòng Bồi thường giao trễ + trạng thái hoàn. | E13: Vũ | F13: Thấp | G13: 2 | H13: BE-13 | I13: Chưa làm | K13: Chi tiết: doc/TASKS_R09_R16.md mục FE-12
... A18: FE-17 | B18: R-17 Hợp đồng | C18: Hợp đồng vận chuyển: xem trước, chấp nhận, tải PDF, chấp nhận bản mới | D18: Nút Xem hợp đồng (PDF); Chấp nhận & đặt cọc chỉ bật khi đã mở hợp đồng và tích đã đọc, gửi contractId + mã băm. Khối Hợp đồng trên trang đơn (phiên bản, tải PDF, lịch sử). Thẻ Hợp đồng cần xác nhận lại khi có bản mới. Nhân sự xem / tải. Ô Air Waybill cho chuyến hàng không. | E18: Thiên | F18: Trung bình | G18: 3 | H18: FE-05, BE-20 | I18: Chưa làm | K18: Chi tiết: doc/TASKS_R09_R16.md mục FE-17
